学問,現代文,古文,漢文,数学,化学,物理,倫理,日本史,世界史,現代社会,政治経済,英語,家庭科,地理,リスニング,体育,道徳,保健,美術,音楽,地学,,,,,,,,,,,,,,,,,,,,,,,,,,,,,,,,,,,,,,,,,,,,,,,,,,,,,,,,,,,,,,
虫,カブトムシ,クワガタムシ,アメンボ,ゴキブリ,コガネムシ,カマキリ,アリ,てんとう虫,蜂,トンボ,カメムシ,せみ,いなご,アゲハ蝶,オオムラサキ,モンシロチョウ,バッタ,カマドウマ,マダニ,ムカデ,芋虫,毛虫,,,,,,,,,,,,,,,,,,,,,,,,,,,,,,,,,,,,,,,,,,,,,,,,,,,,,,,,,,,,,
花,チューリップ,パンジー,たんぽぽ,あさがお,ふきのとう,ラベンダー,桜,梅,すずらん,ひまわり,薔薇,アジサイ,コスモス,ユリ,カンパニュラ,彼岸花,カーネーション,ハイビスカス,蓮,ラフレシア,サボテン,,,,,,,,,,,,,,,,,,,,,,,,,,,,,,,,,,,,,,,,,,,,,,,,,,,,,,,,,,,,,,
上へ下へ,階段,梯子,エスカレーター,エレベーター,登り棒,ロッククライミング,登山,垂直飛び,木登り,懸垂,鳥人間コンテスト,幽体離脱,たかいたかい,ヘリコプター,飛行機,バンジージャンプ,トランポリン,ヨーヨー,,,,,,,,,,,,,,,,,,,,,,,,,,,,,,,,,,,,,,,,,,,,,,,,,,,,,,,,,,,,,,,,,
魚,鰯,鯵,鮎,鮑,鰻,鰹,鯨,鯉,鮭,鯖,鮫,鯱,鯛,蛸,鱈,鯰,鰤,鮪,鰐,鮨,,,,,,,,,,,,,,,,,,,,,,,,,,,,,,,,,,,,,,,,,,,,,,,,,,,,,,,,,,,,,,,
形,四角形,円形,三角形,六角形,星型,ハートマーク,ダイヤマーク,スペードマーク,クローバーマーク,雷マーク,五角形,三日月マーク,六芒星,矢印,太陽マーク,放射線マーク,非常口マーク,男子トイレマーク,女子トイレマーク,若葉マーク,リサイクルマーク,車椅子マーク,ベルマーク,,,,,,,,,,,,,,,,,,,,,,,,,,,,,,,,,,,,,,,,,,,,,,,,,,,,,,,,,,,,
飛ぶもの,紙飛行機,ミサイル,飛行機,ハングライダー,風船,気球,飛行船,人工衛星,ドローン,バンジージャンプ,ブーメラン,ペットボトルロケット,タケトンボ,凧,タケコプター,ヘリコプター,パラシュート,,,,,,,,,,,,,,,,,,,,,,,,,,,,,,,,,,,,,,,,,,,,,,,,,,,,,,,,,,,,,,,,,,
海鮮料理,さんまの塩焼き,海老の天ぷら,寿司,茹で蟹,いか飯,フグの刺身,鯉の煮つけ,鰤の照り焼き,イクラ丼,鮭の塩焼き,うな重,マグロの竜田揚げ,フィレオフィッシュ,うに丼,鉄火丼,あさりの味噌汁,タコ焼き,海老ラーメン,さんま缶,いわし缶,ツナマヨ,おかか,鰹のたたき,,,,,,,,,,,,,,,,,,,,,,,,,,,,,,,,,,,,,,,,,,,,,,,,,,,,,,,,,,,,
おにぎりの具,焼肉,いくら,ツナマヨ,鮭,梅,おかか,辛子明太子,キムチ,ゴマ塩,しらす,海老の天ぷら,なめたけ,納豆,塩昆布,鶏五目,いなご,たらこ,塩,からあげ,,,,,,,,,,,,,,,,,,,,,,,,,,,,,,,,,,,,,,,,,,,,,,,,,,,,,,,,,,,,,,,,
パン,サンドイッチ,食パン,カレーパン,こしあんパン,粒あんパン,クロワッサン,バターロール,メロンパン,焼きそばパン,コロッケパン,くるみパン,アメリカンドッグ,クリームパン,フランスパン,ピザパン,揚げパン,チョコチップメロンパン,チョココロネ,ハンバーガー,チーズバーガー,,,,,,,,,,,,,,,,,,,,,,,,,,,,,,,,,,,,,,,,,,,,,,,,,,,,,,,,,,,,,,,
球,きんのたま,鉄球,水晶玉,ビリヤードの玉,野球ボール,バスケットボールのボール,バレーボールのボール,サッカーボールのボール,ボウリングの玉,目玉,ミラーボール,モンスターボール,パチンコ玉,泥団子,シャボン玉,ピンポン玉,大玉転がしの玉,テニスボール,スイカ,地球,ビーチボール,バランスボール,ガラス玉,スーパーボール,,,,,,,,,,,,,,,,,,,,,,,,,,,,,,,,,,,,,,,,,,,,,,,,,,,,,,,,,,,
干支+星座,ネズミ,牛,虎,うさぎ,竜,蛇,馬,羊,猿,鳥,犬,猪,雄羊,雄牛,双子,蟹,獅子,乙女,天秤,さそり,射手,ヤギ,水瓶,魚,,,,,,,,,,,,,,,,,,,,,,,,,,,,,,,,,,,,,,,,,,,,,,,,,,,,,,,,,,,
飲み物,コーヒー,紅茶,ウーロン茶,緑茶,牛乳,ココア,水,青汁,炭酸水,豆乳,ワイン,日本酒,ビール,梅酒,水素水,オレンジジュース,リンゴジュース,ぶどうジュース,ジンジャーエール,梅ソーダ,バナナミルク,,,,,,,,,,,,,,,,,,,,,,,,,,,,,,,,,,,,,,,,,,,,,,,,,,,,,,,,,,,,,,
飲み物（商品名,コカコーラ,ペプシ,ファンタ,CCレモン,ポカリスウェット,リアルゴールド,アクエリアス,お～いお茶,スプライト,カルピス,キリンレモン,ドクターペッパー,レモンスカッシュ,ミニッツメイド,午後の紅茶,爽健美茶,十六茶,綾鷹,ウコンの力,養命酒,,,,,,,,,,,,,,,,,,,,,,,,,,,,,,,,,,,,,,,,,,,,,,,,,,,,,,,,,,,,,,,
遊園地,ジェットコースター,お化け屋敷,ミラーハウス,メリーゴーランド,観覧車,巨大迷路,ゴーカート,コーヒーカップ（アトラクション）,ウォータースライダー,バンジージャンプ,イルカショー,パレード,バイキング(船が横に揺れるアトラクション),,,,,,,,,,,,,,,,,,,,,,,,,,,,,,,,,,,,,,,,,,,,,,,,,,,,,,,,,,,,,,,,,,,,,,
球技,卓球,野球,サッカー,バスケットボール,バレーボール,ゴルフ,ビリヤード,テニス,ハンドボール,お手玉,ゲートボール,玉入れ,ドッジボール,球拾い,ボウリング,,,,,,,,,,,,,,,,,,,,,,,,,,,,,,,,,,,,,,,,,,,,,,,,,,,,,,,,,,,,,,,,,,,,
遊戯,おにごっこ,かくれんぼ,はないちもんめ,ハンカチ落とし,椅子取りゲーム,缶蹴り,だるまさんがころんだ,かるた,かげふみ,おままごと,竹馬,ぶらんこ,滑り台,あやとり,かごめかごめ,ザリガニ釣り,にらめっこ,ベーゴマ,指相撲,,,,,,,,,,,,,,,,,,,,,,,,,,,,,,,,,,,,,,,,,,,,,,,,,,,,,,,,,,,,,,,,
果物,スイカ,メロン,いちご,バナナ,さくらんぼ,パイナップル,オレンジ,みかん,キウイ,ぶどう,りんご,レモン,もも,すもも,柿,グレープフルーツ,ドラゴンフルーツ,ブルーベリー,パパイヤ,ライチ,マンゴー,,,,,,,,,,,,,,,,,,,,,,,,,,,,,,,,,,,,,,,,,,,,,,,,,,,,,,,,,,,,,,
野菜,ナス,キャベツ,レタス,セロリ,トマト,アロエ,パセリ,ブロッコリー,カリフラワー,ゴーヤ,ほうれん草,かぼちゃ,キュウリ,ピーマン,にんじん,玉ねぎ,長ネギ,もやし,大根,カブ,ごぼう,じゃがいも,さつまいも,とうもろこし,白菜,,,,,,,,,,,,,,,,,,,,,,,,,,,,,,,,,,,,,,,,,,,,,,,,,,,,,,,,,,
冷たい食品,かき氷,冷製パスタ,雪,冷やし中華,冷ややっこ,ガリガリ君,ハーゲンダッツ,そうめん,スイカ,ソフトクリーム,クリームソーダ,氷,ざる蕎麦,揚げアイス,あずきバー,雪見大福,アイスの実,,,,,,,,,,,,,,,,,,,,,,,,,,,,,,,,,,,,,,,,,,,,,,,,,,,,,,,,,,,,,,,,,,
乗り物,自転車,一輪車,自動車,三輪車,消防車,救急車,クレーン車,タンクローリー,ロードローラー,ショベルカー,電車,リニアカー,トラック,リヤカー,ベビーカー,ブルドーザー,戦車,バイク,セグウェイ,パトカー,黒塗りの高級車,パパのお馬さん,,,,,,,,,,,,,,,,,,,,,,,,,,,,,,,,,,,,,,,,,,,,,,,,,,,,,,,,,,,,,
飯系,カレーライス,ハヤシライス,クリームシチュー,ビーフシチュー,親子丼,牛丼,うな重,たまごかけご飯,肉じゃが,中華丼,海鮮丼,豚丼,かつ丼,天丼,白米,うに丼,,,,,,,,,,,,,,,,,,,,,,,,,,,,,,,,,,,,,,,,,,,,,,,,,,,,,,,,,,,,,,,,,,,
粉もの,タコ焼き,お好み焼き,ホットケーキ,ドーナツ,うどん,ラーメン,蕎麦,パスタ,ピザ,饅頭,クレープ,カステラ,たい焼き,フライドポテト,もんじゃ焼き,肉まん,,,,,,,,,,,,,,,,,,,,,,,,,,,,,,,,,,,,,,,,,,,,,,,,,,,,,,,,,,,,,,,,,,,
夏祭り（食品,焼きそば,タコ焼き,フランクフルト,わたあめ,ベビーカステラ,リンゴ飴,アメリカンドッグ,あんず飴,お好み焼き,今川焼（おやき,いか焼き,苺飴,かき氷,カルメ焼き,飴細工,牛串ステーキ,クレープ,じゃがバター,ソフトクリーム,ソースせんべい,たい焼き,チョコバナナ,ラムネ,焼きトウモロコシ,,,,,,,,,,,,,,,,,,,,,,,,,,,,,,,,,,,,,,,,,,,,,,,,,,,,,,,,,,,
夏祭り（食品以外,輪投げ,金魚すくい,かたぬき,亀すくい,お面屋,射的,スーパーボールすくい,ひよこ釣り,ヨーヨー釣り,くじ引き,お化け屋敷,アイドルグッツ屋,バルーンアート,的当て,ボウリング,カラーひよこ,ザリガニ釣り,スーパーボールすくい,宝石すくい,カニ釣り,,,,,,,,,,,,,,,,,,,,,,,,,,,,,,,,,,,,,,,,,,,,,,,,,,,,,,,,,,,,,,,
スイーツ,ケーキ,マフィン,マドレーヌ,バウムクーヘン,パイ,シュークリーム,ホットケーキ,パン,スコーン,タルト,クレープ,プリン,ゼリー,グミ,ババロア,かき氷,ソフトクリーム,ジェラート,チョコレート,マカロン,マシュマロ,,,,,,,,,,,,,,,,,,,,,,,,,,,,,,,,,,,,,,,,,,,,,,,,,,,,,,,,,,,,,,
和菓子,あんみつ,だんご,まんじゅう,だいふく,どらやき,たいやき,今川焼き,カステラ,ようかん,せんべい,かりんとう,こんぺいとう,水あめ,生八つ橋,ういろう,桜餅,おはぎ,お汁粉,,,,,,,,,,,,,,,,,,,,,,,,,,,,,,,,,,,,,,,,,,,,,,,,,,,,,,,,,,,,,,,,,
調味料,砂糖,塩,酢,醤油,味噌,ケチャップ,マヨネーズ,ソース,カラシ,ワサビ,ラー油,胡椒,柚子,一味,七味,ニンニク,愛情,,,,,,,,,,,,,,,,,,,,,,,,,,,,,,,,,,,,,,,,,,,,,,,,,,,,,,,,,,,,,,,,,,
駄菓子,うまい棒,ベビースターラーメン,よっちゃんイカ,BIGカツ,フェリックスガム,キャベツ太郎,フルーツ餅,ブラックサンダー,ココアシガレット,マーブルチョコ,梅ジャム,チロルチョコ,かっぱえびせん,パイン飴,ねるねるねるね,5円チョコ,サイコロキャラメル,カルパス,タマゴボーロ,サクマ式ドロップス,わたぱち,酢昆布,暴君ハバネロ,,,,,,,,,,,,,,,,,,,,,,,,,,,,,,,,,,,,,,,,,,,,,,,,,,,,,,,,,,,,
外食,マクドナルド,モスバーガー,ロッテリア,ケンタッキー,吉野家,サブウェイ,ドミノピザ,ミスタードーナッツ,かっぱ寿司,大戸屋,ガスト,サイゼリア,デニーズ,バーミヤン,いきなりステーキ,カレーハウスCoCo壱番屋,,東京チカラめし,,,,,,,,,,,,,,,,,,,,,,,,,,,,,,,,,,,,,,,,,,,,,,,,,,,,,,,,,,,,,,,,,
肉料理,焼き肉,ステーキ,すき焼き,ハンバーグ,ハンバーガー,ソーセージ,ハム,ベーコン,サラミ,しゃぶしゃぶ,ジンギスカン,唐揚げ,バーベキュー,生姜焼き,フライドチキン,ミートボール,ローストビーフ,馬刺し,角煮,トンカツ,,,,,,,,,,,,,,,,,,,,,,,,,,,,,,,,,,,,,,,,,,,,,,,,,,,,,,,,,,,,,,,
習い事,スイミングスクール,習字教室,ピアノ教室,料理教室,陶芸教室,英会話教室,生け花教室,ギター教室,ヨガスクール,ダンス教室,バレエ教室,パソコン教室,塾,空手教室,柔道教室,剣道教室,,,,,,,,,,,,,,,,,,,,,,,,,,,,,,,,,,,,,,,,,,,,,,,,,,,,,,,,,,,,,,,,,,,
TV,トリビアの泉,笑点,笑っていいとも！,おかあさんといっしょ,徹子の部屋,ガキ使、絶対に笑ってはいけない,めちゃめちゃイケてるッ,NHKのど自慢,NHK紅白歌合戦,おはスタ,プロジェクトX,伊東家の食卓,水曜どうでしょう,クイズ$ミリオネア,新婚さんいらっしゃい!,めざましテレビ,SMAP×SMAP,8時だョ！全員集合,水戸黄門,国会中継,大相撲中継,NHKプロ野球,NHK競馬中継,野球中継,パネルクイズ アタック25,金曜ロードSHOW!,セサミストリート,ポンキッキーズ,キユーピー3分クッキング,欽ちゃん&香取慎吾の全日本仮装大賞,志村けんのバカ殿様,はじめてのおつかい,世にも奇妙な物語,ゆく年くる年,ザ！鉄腕！DASH！！,,,,,,,,,,,,,,,,,,,,,,,,,,,,,,,,,,,,,,,,,,,,,,,,
遊ぶところ,映画館,美術館,博物館,動物園,水族館,遊園地,科学館,植物園,ゲームセンター,カジノ,カラオケ,東京ビッグサイト,競馬場,ディズニーランド,ユニバーサルスタジオ,お化け屋敷,競輪場,ボウリング,パチンコ,雀荘,,,,,,,,,,,,,,,,,,,,,,,,,,,,,,,,,,,,,,,,,,,,,,,,,,,,,,,,,,,,,,,
楽器,ピアノ,ヴァイオリン,ギター,エレキギター,リコーダー,フルート,オルガン,カスタネット,シンバル,琴,トランペット,木琴,太鼓,トライアングル,ハーモニカ,鈴,木魚,タンバリン,ハープ,三味線,マラカス,アコーディオン,腹太鼓,,,,,,,,,,,,,,,,,,,,,,,,,,,,,,,,,,,,,,,,,,,,,,,,,,,,,,,,,,,,
テーブルゲーム,将棋,囲碁,チェス,オセロ,花札,麻雀,百人一首,トランプ,UNO,五目並べ,すごろく,ジェンガ,モノポリー,ゴキブリポーカー,野球盤,カタン,ドミニオン,人狼ゲーム,ワードウルフ,,,,,,,,,,,,,,,,,,,,,,,,,,,,,,,,,,,,,,,,,,,,,,,,,,,,,,,,,,,,,,,,
チョコ菓子,きのこの山,たけのこの里,トッポ,アルフォート,ブラックサンダー,スニッカーズ,キットカット,チロルチョコ,コアラのマーチ,白い恋人,チョコフレーク,パイの実,アーモンドチョコ,チョコボール,板チョコ,カカオ100％,,,,,,,,,,,,,,,,,,,,,,,,,,,,,,,,,,,,,,,,,,,,,,,,,,,,,,,,,,,,,,,,,,,
高級食材,ウニ,タラバガニ,伊勢海老,イクラ,フカヒレ,キャビア,フォアグラ,トリュフ,大トロ,松茸,メロン,シュールストレミング,松坂牛,フグ,うなぎ,燕の巣,ホタテ,鯛,,,,,,,,,,,,,,,,,,,,,,,,,,,,,,,,,,,,,,,,,,,,,,,,,,,,,,,,,,,,,,,,,
カード,SUICA,切符,定期券,免許証,パスポート,クレジットカード,キャッシュカード,アマゾンギフト券,ウェブマネー,図書カード,テレホンカード,ポイントカード,遊戯王カード,ポケモンカード,マジック・ザ・ギャザリング,マイナンバーカード,トランプ,メンコ,かるた,UNO,,,,,,,,,,,,,,,,,,,,,,,,,,,,,,,,,,,,,,,,,,,,,,,,,,,,,,,,,,,,,,,
動物,ライオン,人間,虎,カバ,サイ,きりん,ねこ,きつね,あらいぐま,ぞう,オオカミ,トナカイ,ゴリラ,たぬき,猿,ヤギ,アルパカ,犬,ハリネズミ,ねずみ,,,,,,,,,,,,,,,,,,,,,,,,,,,,,,,,,,,,,,,,,,,,,,,,,,,,,,,,,,,,,,,
鳥,ニワトリ,鳩,カラス,スズメ,燕,カラス,フクロウ,オウム,インコ,キジ,鷹,ダチョウ,ペンギン,フラミンゴ,コウノトリ,ペリカン,カモメ,キツツキ,ホトトギス,ハシビロコウ,白鳥,孔雀,コウモリ,,,,,,,,,,,,,,,,,,,,,,,,,,,,,,,,,,,,,,,,,,,,,,,,,,,,,,,,,,,,
芸術・文化・武道,書道,茶道,華道,戦車道,俳句,和歌,浮世絵,水墨画,歌舞伎,落語,オペラ,時代劇,剣道,柔道,空手,弓道,バレエ,クラシックコンサート,合気道,相撲,少林寺拳法,百人一首,花札,かるた,,,,,,,,,,,,,,,,,,,,,,,,,,,,,,,,,,,,,,,,,,,,,,,,,,,,,,,,,,,
学校行事,入学式,卒業式,修学旅行,運動会,文化祭,合唱コンクール,水泳大会,マラソン大会,夏休み,冬休み,期末テスト,授業参観,三者面談,遠足,社会見学,健康診断,身体測定,学級閉鎖,全国模試,球技大会,男女交際,オープンキャンパス,,,,,,,,,,,,,,,,,,,,,,,,,,,,,,,,,,,,,,,,,,,,,,,,,,,,,,,,,,,,,
レジャー,遊園地,食べ放題,ボウリング,カラオケ,映画,旅行,ライブ,ディズニーランド,ゲームセンター,回転寿司,居酒屋,温泉,海水浴,花火大会,プール,メイドカフェ,キャンプ,肝試し,,,,,,,,,,,,,,,,,,,,,,,,,,,,,,,,,,,,,,,,,,,,,,,,,,,,,,,,,,,,,,,,,
かたい,氷,ダイヤモンド,プラスチック,鉄,金,銀,銅,アルミ,歯,あずきバー,骨,石,ルビー,サファイア,エメラルド,チタン,ミスリル,乾燥した米,石頭,ビール瓶,,,,,,,,,,,,,,,,,,,,,,,,,,,,,,,,,,,,,,,,,,,,,,,,,,,,,,,,,,,,,,,
元素,水素,ヘリウム,リチウム,炭素,窒素,酸素,フッ素,ナトリウム,マグネシウム,アルミニウム,リン,硫黄,塩素,カリウム,カルシウム,チタン,鉄,銅,亜鉛,ヒ素,銀,スズ,ヨウ素,バリウム,プラチナ,金,水銀,鉛,ウラン,プルトニウム,,,,,,,,,,,,,,,,,,,,,,,,,,,,,,,,,,,,,,,,,,,,,,,,,,,,,
中華料理,麻婆豆腐,青椒肉絲,酢豚,満干全席,エビチリ,焼き餃子,シュウマイ,炒飯,ラーメン,天津飯,北京ダック,八宝菜,小籠包,フカヒレスープ,杏仁豆腐,春巻き,麻婆春雨,麻婆茄子,バンバンジー,水餃子,,,,,,,,,,,,,,,,,,,,,,,,,,,,,,,,,,,,,,,,,,,,,,,,,,,,,,,,,,,,,,,
手装備,軍手,てぶくろ,指輪,メリケンサック,指ぬき,ビニール手袋,ゴム手袋,野球グローブ,ボクシンググローブ,ガントレット,トンファー,警棒,ハリセン,ナイフ,リストバンド,キャッチャーミット,パンチングミット,,,,,,,,,,,,,,,,,,,,,,,,,,,,,,,,,,,,,,,,,,,,,,,,,,,,,,,,,,,,,,,,,,
透明・半透明,ビニール,クラゲ,水,氷,空気,透明人間,ステンドグラス,ガラス,スライム,ビー玉,プラスチック,水晶玉,ダイヤモンド,トレーシングペーパー,濡れたワイシャツ,,,,,,,,,,,,,,,,,,,,,,,,,,,,,,,,,,,,,,,,,,,,,,,,,,,,,,,,,,,,,,,,,,,,
芸能人,タモリ,ビートたけし,所ジョージ,中居正広,木村拓哉,香取慎吾,草彅剛,稲垣吾郎,マツコ・デラックス,松本人志,江頭2:50,堺雅人,阿部寛,石橋貴明,出川哲郎,志村けん,浜田雅功,山崎邦正,笑福亭鶴瓶,桂歌丸,加藤茶,黒柳徹子,田代まさし,ヒカキン,,,,,,,,,,,,,,,,,,,,,,,,,,,,,,,,,,,,,,,,,,,,,,,,,,,,,,,,,,,
辛い・すっぱい,キムチ,暴君ハバネロ,カラムーチョ,カレー,麻婆豆腐,辛ラーメン,わさビーフ,明太子,ペッパーソーセージ,梅干し,レモン,キウイ,ピクルス,グレープフルーツ,,,,,,,,,,,,,,,,,,,,,,,,,,,,,,,,,,,,,,,,,,,,,,,,,,,,,,,,,,,,,,,,,,,,,
お土産(食品,いもタルト,ちんすこう,生八つ橋,白い恋人,ういろう,サーターアンダーギー,長崎カステラ,マンゴープリン,東京バナナ,辛子明太子,とうきびチョコ,夕張メロンゼリー,長崎ちゃんぽん,きりたんぽ,鳩サブレ,味噌かつ,名菓ひよ子,,,,,,,,,,,,,,,,,,,,,,,,,,,,,,,,,,,,,,,,,,,,,,,,,,,,,,,,,,,,,,,,,,
状態異常,毒,眠り,麻痺,混乱,小人化,目つぶし,火傷,石化,瀕死,腹痛,虚脱,魅了,凍結,鈍足,沈黙,,,,,,,,,,,,,,,,,,,,,,,,,,,,,,,,,,,,,,,,,,,,,,,,,,,,,,,,,,,,,,,,,,,,
もぐもぐ,グミ,ゴム,タピオカ,ナタデココ,茹で蛸,イカの刺身,ガム,するめ,牛ホルモン,ビーフジャーキー,餅,蒟蒻ゼリー,安い牛肉,鮑,しじみ,,,,,,,,,,,,,,,,,,,,,,,,,,,,,,,,,,,,,,,,,,,,,,,,,,,,,,,,,,,,,,,,,,,,
非常食,カロリーメイト,乾パン,氷砂糖,カップラーメン,レーション,レトルトカレー,パックご飯,チョコレート,さんま缶,ビーフジャーキー,シーチキン,ドライフルーツ,するめ,辛ラーメン,乾燥ネギ,,,,,,,,,,,,,,,,,,,,,,,,,,,,,,,,,,,,,,,,,,,,,,,,,,,,,,,,,,,,,,,,,,,,
好物,カレー,ラーメン,ハンバーグ,肉じゃが,チャーハン,オムライス,とんかつ,すき焼き,寿司,餃子,唐揚げ,お好み焼き,コロッケ,たこ焼き,パスタ,焼肉,ピザ,,,,,,,,,,,,,,,,,,,,,,,,,,,,,,,,,,,,,,,,,,,,,,,,,,,,,,,,,,,,,,,,,,
苦手な食べ物,ピーマン,セロリ,グリンピース,ゴーヤ,なす,パセリ,トマト,にんじん,脂身,しいたけ,レバー,納豆,かぼちゃ,パクチー,うに,,,,,,,,,,,,,,,,,,,,,,,,,,,,,,,,,,,,,,,,,,,,,,,,,,,,,,,,,,,,,,,,,,,,
消耗品,サランラップ,ジップロック,アルミホイル,キッチンペーパー,トイレットペーパー,ティッシュ,キムワイプ,石鹸,洗剤,シャンプー,リンス,歯磨き粉,おむつ,乾電池,牛乳,,,,,,,,,,,,,,,,,,,,,,,,,,,,,,,,,,,,,,,,,,,,,,,,,,,,,,,,,,,,,,,,,,,,
水のある所,水たまり,湖,海,トイレ,下水道,川,洗面所,プール,ダム,露天風呂,ビニールプール,池,井戸,湧き水,田んぼ,塩湖,バスルーム,,,,,,,,,,,,,,,,,,,,,,,,,,,,,,,,,,,,,,,,,,,,,,,,,,,,,,,,,,,,,,,,,,
運動会の種目,100m走,1500ｍ走,棒高跳び,玉入れ,綱引き,リレー,二人三脚,借り物競争,パン食い競争,大玉ころがし,騎馬戦,組体操,走り幅跳び,30人31脚,スプーンレース(スプーンで玉を運ぶ競技),,,,,,,,,,,,,,,,,,,,,,,,,,,,,,,,,,,,,,,,,,,,,,,,,,,,,,,,,,,,,,,,,,,,
軟体動物・両生類・爬虫類,タコ,イカ,クラゲ,ヒトデ,イソギンチャク,ホヤ,ナマコ,ウミウシ,クリオネ,ナメクジ,ミミズ,フジツボ,アメフラシ,トカゲ,カメ,ワニ,ヘビ,イグアナ,カメレオン,カエル,オタマジャクシ,イモリ,サンショウウオ,,,,,,,,,,,,,,,,,,,,,,,,,,,,,,,,,,,,,,,,,,,,,,,,,,,,,,,,,,,,
羽を広げて,パピヨンマスク,アゲハ蝶,モスラ,蚕(かいこ),孔雀,扇子,てんとう虫,天使,妖精,コウモリ,悪魔,モモンガ,吸血鬼,鳥人間,スーパーマン,,,,,,,,,,,,,,,,,,,,,,,,,,,,,,,,,,,,,,,,,,,,,,,,,,,,,,,,,,,,,,,,,,,,
臭い,シュールストレミング,くさや,納豆,ブルーチーズ,沢庵(たくあん),豚骨ラーメン,キムチ,ドリアン,銀杏,うんこ,餃子,イカの塩辛,カビたパン,腐った味噌汁,,,,,,,,,,,,,,,,,,,,,,,,,,,,,,,,,,,,,,,,,,,,,,,,,,,,,,,,,,,,,,,,,,,,,
精神的なアレ,サイコパス,ノイローゼ,うつ病,薬物依存症,アルコール依存症,ギャンブル依存症,ネット依存症,過食症,拒食症,妄想癖,現実逃避,窃盗癖,自傷癖,人間不信,収集癖,セックス依存症,共依存,カフェイン依存症,,,,,,,,,,,,,,,,,,,,,,,,,,,,,,,,,,,,,,,,,,,,,,,,,,,,,,,,,,,,,,,,,
語彙大富豪でのパワーワード,グレンラガン,しりとり,ビッグバン,ウルトラマン,太陽,絶対零度,打ち切り,夢落ち,核兵器,5000兆円,宇宙戦艦ヤマト,ドラえもん,ブラックホール,寿命,熱的死,,,,,,,,,,,,,,,,,,,,,,,,,,,,,,,,,,,,,,,,,,,,,,,,,,,,,,,,,,,,,,,,,,,,
術・超能力,魔法,手品,催眠術,未来予知,サイコキネシス（念動力）,パイロキネシス（発火能力）,テレパシー（精神感応）,テレポーテーション（瞬間移動）,透視（千里眼）,霊能力,念写能力,読心術,催淫術,合気道,忍術,医術,妖術,話術,降霊術,,,,,,,,,,,,,,,,,,,,,,,,,,,,,,,,,,,,,,,,,,,,,,,,,,,,,,,,,,,,,,,,
ウイルス・細菌・微生物・ゴミ,ミジンコ,ダニ,塵(ちり),カビ,インフルエンザウイルス,ミドリムシ,トロイの木馬,狂犬病ウイルス,ヒト免疫不全ウイルスHIV,ペスト菌,エボラウイルス,炭疽菌,エキノコックス,サルモネラ菌,ボツリヌス菌,ノロウイルス,マラリア原虫,ウィル・スミス,,,,,,,,,,,,,,,,,,,,,,,,,,,,,,,,,,,,,,,,,,,,,,,,,,,,,,,,,,,,,,,,,
臓器とか体の部位,胃,大腸,眼球,肺,心臓,膵臓,腎臓,肝臓,脳,膀胱,尿道,肛門,食道,横隔膜,鼻,耳,おっぱい,乳首,金玉,おちんちん,,,,,,,,,,,,,,,,,,,,,,,,,,,,,,,,,,,,,,,,,,,,,,,,,,,,,,,,,,,,,,,
会,運動会,学習発表会(学芸会),朝礼,家族会議,葬式,結婚式,帰りの会,忘年会,新年会,生徒総会,PTA総会,株主総会,国際連合総会,職員会議,裁判,賢人会議,核セキュリティ・サミット,,,,,,,,,,,,,,,,,,,,,,,,,,,,,,,,,,,,,,,,,,,,,,,,,,,,,,,,,,,,,,,,,,
感情,安心,不安,興奮,冷静,多幸感,リラックス,緊張,恐怖,羞恥,殺意,優越感,劣等感,苦痛,悲哀,歓喜,怒り,絶望感,憎悪,嫌悪,空虚,驚愕,失望,,,,,,,,,,,,,,,,,,,,,,,,,,,,,,,,,,,,,,,,,,,,,,,,,,,,,,,,,,,,,
店,肉屋,八百屋,魚屋,ドラッグストア,コンビニ,百貨店,とらのあな,アニメイト,ゲーマーズ,ガソリンスタンド,病院,百貨店,クリーニング屋,喫茶店,ラーメン屋,定食屋,パン屋,蕎麦屋,寿司屋,キャバクラ,駄菓子屋,,,,,,,,,,,,,,,,,,,,,,,,,,,,,,,,,,,,,,,,,,,,,,,,,,,,,,,,,,,,,,
危険？な生物,タランチュラ,サソリ,スズメバチ,毒毛虫,コブラ（蛇）,カツオノエボシ（くらげ）,ヒアリ,蚊,フグ,アシダカグモ,ゲジゲジ,ゴキブリ,コモドオオトカゲ,虻,アカエイ,ヒョウモンダコ,ムカデ,カモノハシ,マダニ,,,,,,,,,,,,,,,,,,,,,,,,,,,,,,,,,,,,,,,,,,,,,,,,,,,,,,,,,,,,,,,,
歌,大きな古時計,真っ赤な誓い,天体観測（歌）,線路は続くよどこまでも,世界中のこどもたちが,おべんとうばこのうた,桃太郎（歌）,どんぐりころころ,浦島太郎（歌）,むすんでひらいて,あんたがたどこさ,ラジオ体操第一,きんたろう（歌）,SUSHI食べたい,アルプス一万尺（歌）,君が代,にんげんっていいな,六甲おろし,もりのくまさん,めだかの学校,ねこふんじゃった,おもちゃのチャチャチャ,メリーさんのひつじ,いぬのおまわりさん,夕やけ小やけ,げんこつやまのたぬきさん,世界にひとつだけの花,バスト占いの歌,かえるのうた,静かな湖畔,この木なんの木,,,,,,,,,,,,,,,,,,,,,,,,,,,,,,,,,,,,,,,,,,,,,,,,,,,,
ジブリ映画,天空の城ラピュタ,となりのトトロ,火垂るの墓,魔女の宅急便,平成狸合戦ぽんぽこ,紅の豚,耳をすませば,もののけ姫,ホーホケキョ となりの山田くん,千と千尋の神隠し,猫の恩返し,ハウルの動く城,ゲド戦記,崖の上のポニョ,借りぐらしのアリエッティ,コクリコ坂から,風立ちぬ,風の谷のナウシカ,,,,,,,,,,,,,,,,,,,,,,,,,,,,,,,,,,,,,,,,,,,,,,,,,,,,,,,,,,,,,,,,,
童話（世界,三匹のこぶた,狼と7匹の子ヤギ,不思議の国のアリス,シンデレラ,白雪姫,赤ずきんちゃん,醜いアヒルの子,ヘンゼルとグレーテル,ジャックとまめの木,ブレーメンの音楽隊,大きなかぶ,金の斧・銀の斧,狼少年,裸の王様,フランダースの犬,マッチ売りの少女,ウサギとカメ,北風と太陽,ジャックと豆の木,ピノキオ,ピーター・パン,王様の耳はロバの耳,西遊記,,,,,,,,,,,,,,,,,,,,,,,,,,,,,,,,,,,,,,,,,,,,,,,,,,,,,,,,,,,,
童話（日,おむすびころりん,三枚のお札,金太郎,猿蟹合戦,かちかちやま,かぐや姫,一寸法師,舌切り雀,ごんぎつね,一休さん,鶴の恩返し,花咲かじいさん,こぶとりじいさん,桃太郎,浦島太郎,わらしべ長者,かさ地蔵,まんじゅうこわい,泣いた赤鬼,クモの糸,注文の多い料理店,羅生門,ぐりとぐら,,,,,,,,,,,,,,,,,,,,,,,,,,,,,,,,,,,,,,,,,,,,,,,,,,,,,,,,,,,,
国民的アニメ,ドラえもん,アンパンマン,サザエさん,ちびまる子ちゃん,クレヨンしんちゃん,名探偵コナン,忍たま乱太郎,ドラゴンボール,ルパン三世,とっとこハム太郎,ジブリ映画,キテレツ大百科,こちら葛飾区亀有公園前派出所,Dr.スランプ アラレちゃん,ゲゲゲの鬼太郎,妖怪ウォッチ,,,,,,,,,,,,,,,,,,,,,,,,,,,,,,,,,,,,,,,,,,,,,,,,,,,,,,,,,,,,,,,,,,,
四文字熟語,威風堂々,十人十色,以心伝心,意気投合,一期一会,一騎当千,一致団結,起死回生,後生大事,試行錯誤,七転八起,疾風迅雷,質実剛健,順風満帆,初志貫徹,心機一転,誠心誠意,猪突猛進,品行方正,風林火山,粉骨砕身,無我夢中,勇気凛々,勇猛果敢,用意周到,七転八倒,,,,,,,,,,,,,,,,,,,,,,,,,,,,,,,,,,,,,,,,,,,,,,,,,,,,,,,,,
ことわざ,阿吽の呼吸,秋茄子は嫁に食わすな,足をすくわれる,虻蜂取らず,雨降って地固まる,石橋を叩いて渡る,急がば回れ,犬の遠吠え,犬も歩けば棒に当たる,嘘から出た実,嘘八百,馬の耳に念仏,海老で鯛を釣る,鬼に金棒,風が吹けば桶屋が儲かる,果報は寝て待て,枯れ木も山の賑わい,可愛い子には旅させよ,窮鼠猫を噛む,口は禍の元,継続は力,犬猿の仲,目には目を,餅は餅屋,焼け石に水,病は気から,良薬は口に苦し,類は友を呼ぶ,災いを転じて福と為す,笑う門には福来る,,,,,,,,,,,,,,,,,,,,,,,,,,,,,,,,,,,,,,,,,,,,,,,,,,,,,
ことわざ,後悔先に立たず,郷に入っては郷に従え,山椒は小粒でもぴりりと辛い,三人寄れば文殊の知恵,知らぬが仏,好きこそものの上手なれ,過ぎたるは猶及ばざるが如し,雀の涙,青天の霹靂,備えあれば患いなし,罪を憎んで人を憎まず,鉄は熱いうちに打て,情けは人の為ならず,二階から目薬,二兎追う者は一兎も得ず,盗人猛々しい,猫に小判,寝耳に水,人の振り見て我が振り直せ,火に油を注ぐ,火のない所に煙は立たぬ,百聞は一見に如かず,不幸中の幸い,へそで茶を沸かす,仏の顔も三度,馬子にも衣装,ミイラ取りがミイラになる,昔取った杵柄,目からうろこが落ちる,,,,,,,,,,,,,,,,,,,,,,,,,,,,,,,,,,,,,,,,,,,,,,,,,,,,,,
神格(or自称神),又吉イエス,志村けん,キリスト,仏陀,長嶋茂雄,クトゥルフ,空飛ぶスパゲッティ・モンスター,メジェド,夜神 月,関羽,桂歌丸,織田信長,ゼウス,オーディン,アヌビス,モーゼ,天照大御神,吉田沙保里,サタン,ニャルラトホテプ,アザゼル,ベルゼブブ,ベヒモス,バハムート,ルシファー,藤子・F・不二雄,手塚治虫,金正日,金正恩,唐澤貴洋,,,,,,,,,,,,,,,,,,,,,,,,,,,,,,,,,,,,,,,,,,,,,,,,,,,,,
強い人,曙,ボブ・サップ,吉田 沙保里,アンディ・フグ,ラオウ,ケンシロウ,亀田 興毅,マイク・タイソン,田村亮子（谷亮子）,ガッツ石松,白鵬,朝青龍,貴乃花,ボビー・オロゴン,幕之内一歩,室伏 広治,ジャッキー・チェン,悟空,ベジータ,呂布,関羽,ゴリラ,,,,,,,,,,,,,,,,,,,,,,,,,,,,,,,,,,,,,,,,,,,,,,,,,,,,,,,,,,,,,
ふわふわ,わたあめ,アフロ,スチールウール,雲,おっぱい,マシュマロ,羽毛布団,羊,たんぽぽの綿毛,生クリーム,スポンジ,毛虫,猫,メレンゲ,まりも,埃,雪,,,,,,,,,,,,,,,,,,,,,,,,,,,,,,,,,,,,,,,,,,,,,,,,,,,,,,,,,,,,,,,,,,
天気や大気,快晴,雨,くもり,雪,砂嵐,台風,竜巻,虹,雷,吹雪,濃霧,暴風,槍,瘴気,花粉,,,,,,,,,,,,,,,,,,,,,,,,,,,,,,,,,,,,,,,,,,,,,,,,,,,,,,,,,,,,,,,,,,,,
うねうね,タコの足,ゲソ,植物のつた,麻縄,ビニール紐,ひもグミ,みみず,ムカデ,ゴム紐,ナメクジ,アニサキス,毛虫,芋虫,蛇,クラゲの触手,針金,尺取り虫,ヤマビル,ウミヘビ,ウミウシ,ウナギ,,,,,,,,,,,,,,,,,,,,,,,,,,,,,,,,,,,,,,,,,,,,,,,,,,,,,,,,,,,,,,
恐い話,トイレの花子さん,紫鏡,呪いのビデオ,メリーさんの電話,口裂け女,赤い部屋,きさらぎ駅,エクソシスト,耳なし芳一,注文の多い料理店,神隠し,歩く二宮金次郎像,走る人体標本,夜中に鳴るピアノ,羅生門,スレンダーマン,クトゥルフ神話,SCP,ほら、お前の後ろにも……,,,,,,,,,,,,,,,,,,,,,,,,,,,,,,,,,,,,,,,,,,,,,,,,,,,,,,,,,,,,,,,,
恐いもの,ピエロ,幽霊,死神,河童,エイリアン,ゾンビ,吸血鬼,ろくろ首,邪神,河童,人面犬,一つ目小僧,座敷童,変質者,饅頭,かーちゃん,自分の才能,蜘蛛,爆弾,日本人形,こけし,クッパ,マフィア,天狗,人食い鬼,,,,,,,,,,,,,,,,,,,,,,,,,,,,,,,,,,,,,,,,,,,,,,,,,,,,,,,,,,
髪型,モヒカン,アフロ,ちょんまげ,スキンヘッド,M字ハゲ,ゴンさんの髪型,ツインテール,リーゼント,ポニーテール,ショートカット,波平ヘアー,ロングヘアー,角刈り,ドレッドヘア,三つ編み,お団子ヘア,縦ロール,,,,,,,,,,,,,,,,,,,,,,,,,,,,,,,,,,,,,,,,,,,,,,,,,,,,,,,,,,,,,,,,,,
あつい,松岡修造,火事,ホットプレート,爆弾,アイロン,太陽,猛暑,サウナ,溶鉱炉,溶岩,湯気,タバスコ,唐辛子,暴君ハバネロ,カレーライス,鍋料理,新婚夫婦,,,,,,,,,,,,,,,,,,,,,,,,,,,,,,,,,,,,,,,,,,,,,,,,,,,,,,,,,,,,,,,,,,
赤い,だるま,いちご,とうがらし,さくらんぼ,蟹,ムック,シャア,りんご,血液,トマト,タコ,海老,薔薇,ルビー,赤信号,ベニテングタケ,消火器,夕日,マリオ,レッドマン,赤の絵の具,,,,,,,,,,,,,,,,,,,,,,,,,,,,,,,,,,,,,,,,,,,,,,,,,,,,,,,,,,,,,,
紅白,博麗 霊夢,紅白饅頭,食い倒れ人形,スイス国旗,日本国旗,カナダ国旗,紅白歌合戦,紅白帽,紅白幕,赤十字,日の丸弁当,鯉,ニワトリ,水引,ベニテングタケ,郵便のマーク,ショートケーキ,旭日旗,サンタクロース,ウォーリー(ウォーリーをさがせ),東京タワー,モンスターボール,止まれ,,,,,,,,,,,,,,,,,,,,,,,,,,,,,,,,,,,,,,,,,,,,,,,,,,,,,,,,,,,,
黄色い,レモン,東京バナナ,バナナ,とうもろこし,ひよこ,ピカチュウ,イチョウ,きりん,黄身,星,ライオン,三日月,パックマン,グレープフルーツ,チョコボ,黄色い救急車,満月,黄色の絵の具,,,,,,,,,,,,,,,,,,,,,,,,,,,,,,,,,,,,,,,,,,,,,,,,,,,,,,,,,,,,,,,,,
黄(橙)と黒,スピアー,エレブー,虎,スズメバチ,ミツバチ,阪神,アゲハ蝶,踏切,立ち入り禁止テープ,落石のおそれあり(標識),すべりやすい(標識),クロネコヤマト,放射線マーク,ティガー,ラムちゃん,しまじろう,ピカチュウ,ハドソン,キリン,,,,,,,,,,,,,,,,,,,,,,,,,,,,,,,,,,,,,,,,,,,,,,,,,,,,,,,,,,,,,,,,
青い,地球,ブルーベリー,ドラえもん,海,空,サファイア,ゼニガメ,スライム（ドラクエ）,青い鳥,氷,青信号,ツイッター,アジサイ,ロックマン,ブルースクリーン,ブルーハワイ,青の絵の具,,,,,,,,,,,,,,,,,,,,,,,,,,,,,,,,,,,,,,,,,,,,,,,,,,,,,,,,,,,,,,,,,,
緑,アロエ,ガチャピン,キュウリ,緑茶,エメラルド,サボテン,セロリ,パセリ,ピーマン,メロン,ブロッコリー,キャベツ,レタス,ゴーヤ,ルイージ,フシギダネ,ヨッシー,ドラゴン,緑の絵の具,,,,,,,,,,,,,,,,,,,,,,,,,,,,,,,,,,,,,,,,,,,,,,,,,,,,,,,,,,,,,,,,
紫,紫キャベツ,ぶどう,あさがお,アジサイ,なす,ラベンダー,紫式部,さつまいも,トリカブト,ブルーベリー,フリーザ様,アメジスト,柴漬け,バイキンマン,紫ピクミン,メタモン,オオムラサキ,紫の絵の具,,,,,,,,,,,,,,,,,,,,,,,,,,,,,,,,,,,,,,,,,,,,,,,,,,,,,,,,,,,,,,,,,
黒い,ブラックホール,墨,黒塗りの高級車,オレオ,コーヒー,コーラ,カラス,ゴリラ,黒猫,松崎しげる,こしょう,トリュフ,ダークマター,タイヤ,かりんとう,石炭,コナンの黒塗りの犯人像,暗闇,ゴジラ,黒の絵の具,ヘビ花火,ブラック企業,ブラックジョーク,,,,,,,,,,,,,,,,,,,,,,,,,,,,,,,,,,,,,,,,,,,,,,,,,,,,,,,,,,,,
白い,消防車,紙,塩,砂糖,牛乳,そうめん,うさぎ,ヤギ,雲,雪,消しゴム,トイレ,歯,シロクマ,雪虫,綿,わたあめ,白狼,シロイルカ,羊,白鯨,シーツ,ワイシャツ,ドクツルタケ,カリフラワー,もやし,大根,白い松崎しげる,白の絵の具,,,,,,,,,,,,,,,,,,,,,,,,,,,,,,,,,,,,,,,,,,,,,,,,,,,,,,
白黒,パトカー,パンダ,シマウマ,オセロ,チェス,ダルメシアン,サッカーボール,牛,バク,ピアノ,陰陽玉（太極図・太陰太極図）,囲碁,ゴマ塩,ふたりはプリキュア,オレオ,おにぎり,スヌーピー,鯨幕（葬儀に使う白黒の幕,ミッキーマウス,シャチ,目玉,横断歩道,,,,,,,,,,,,,,,,,,,,,,,,,,,,,,,,,,,,,,,,,,,,,,,,,,,,,,,,,,,,,
茶色,うんこ,チョコレート,泥,かりんとう,おはぎ,松崎しげる,カブトムシ,ゴキブリ,珈琲豆,カレー,味噌,土,茶色い絵の具,ハンバーグ,チョコレートソフトクリーム,犬の餌,,,,,,,,,,,,,,,,,,,,,,,,,,,,,,,,,,,,,,,,,,,,,,,,,,,,,,,,,,,,,,,,,,,
頭装備・顔装備,ニット帽,野球帽,ヘルメット,ハゲズラ,キャッチャーマスク,ちょんまげ,リーゼント,カチューシャ,猫耳,犬耳,うさ耳,狐耳,王冠,ティアラ,ナース帽,コック帽子,シルクハット,マリオの帽子,麦わら帽子,顔パック,ゴーグル,サングラス,眼鏡,鼻眼鏡,,,,,,,,,,,,,,,,,,,,,,,,,,,,,,,,,,,,,,,,,,,,,,,,,,,,,,,,,,,
人外娘,アンデット娘,吸血鬼娘,エルフ娘,スライム娘,ラミア,デュラハン娘,蜘蛛女（アラクネ）,猫娘,竜人娘,人魚娘,魚人娘,サキュバス,狐娘,ハーピー,雪女,ケンタウロス娘,鬼娘,オーク娘,アンドロイド娘,天狗娘,単眼娘,,,,,,,,,,,,,,,,,,,,,,,,,,,,,,,,,,,,,,,,,,,,,,,,,,,,,,,,,,,,,,
人狼役職的何か,人狼,占い師,霊能者,狩人,狂人,猫又,村人,怪盗,パン屋,市長,狂信者,妖狐,キチガイ,魔女,巫女,勇者,共有者,暗殺者,聖職者,医者,,,,,,,,,,,,,,,,,,,,,,,,,,,,,,,,,,,,,,,,,,,,,,,,,,,,,,,,,,,,,,,
病気やケガ,インフルエンザ,風邪,骨折,打撲,擦り傷,肩こり,うつ病,花粉症,近視,高血圧,貧血,食中毒,痔（ぢ）,過労,熱中症,ノロウイルス,便秘,巻き爪,虫歯,ロリコン,腹痛,腰痛,頭痛,,,,,,,,,,,,,,,,,,,,,,,,,,,,,,,,,,,,,,,,,,,,,,,,,,,,,,,,,,,,
イベント,ハロウィン,正月,クリスマス,節分,バレンタインデー,ひなまつり,エイプリルフール,七夕,お盆,花見,海水浴,お月見,雪まつり,運動会,ねぶた祭,ヒトデ祭り,,,,,,,,,,,,,,,,,,,,,,,,,,,,,,,,,,,,,,,,,,,,,,,,,,,,,,,,,,,,,,,,,,,
服装,メイド服,セーラー服,バニーガール,ナース服,園児服,ふんどし一丁,全裸,水着,裸ワイシャツ,ボンテージ,着ぐるみ,チアガール,ジャージ,巫女服,ウェディングドレス,スーツ,婦警服,島風の服,葉っぱ1枚の服,サンタ服,着物,裸エプロン,,,,,,,,,,,,,,,,,,,,,,,,,,,,,,,,,,,,,,,,,,,,,,,,,,,,,,,,,,,,,
職業（RPG),勇者,剣士,騎士,村人,魔法使い,聖職者,賢者,魔物使い,盗賊,侍,忍者,竜騎士,狂戦士,モンク,アサシン,精霊使い,召喚術師,王,錬金術師,弓使い,商人,遊び人,鍛冶屋,魔王,,,,,,,,,,,,,,,,,,,,,,,,,,,,,,,,,,,,,,,,,,,,,,,,,,,,,,,,,,,
武器,斧,チェーンソー,大剣,拳銃,鉈,金属バット,釘バット,槍,ブーメラン,手りゅう弾,鉄パイプ,メリケンサック,スタンガン,弓,竹刀,警棒,ビール瓶,ビームサーベル,手裏剣,ハサミ,メイス,鞭,つるはし,,,,,,,,,,,,,,,,,,,,,,,,,,,,,,,,,,,,,,,,,,,,,,,,,,,,,,,,,,,,
きのこ,しいたけ,カエンタケ,ベニテングタケ,なめこ,松茸,タマゴタケ,きくらげ,1UPキノコ,スーパーキノコ,キノピオ,エノキダケ,マイタケ,マッシュルーム,おちんちん,トリュフ,きのこの山,電動マッサージ器,ソーセージ,,,,,,,,,,,,,,,,,,,,,,,,,,,,,,,,,,,,,,,,,,,,,,,,,,,,,,,,,,,,,,,,,
スプレー・香り,芳香剤,香水,アロマキャンドル,制汗スプレー,線香,石鹸,柔軟剤,電子タバコ,殺虫スプレー,スプレー塗料,葉巻,霧吹き,ヘアスプレー,ガスボンベ,アルコールスプレー,エアダスター,梨汁,のどスプレー,ハッカ油,ファブリーズ,唐辛子スプレー,,,,,,,,,,,,,,,,,,,,,,,,,,,,,,,,,,,,,,,,,,,,,,,,,,,,,,,,,,,,,,
恐竜・UMA・古代生物,マンモス,サーベルタイガー,ティラノサウルス,トリケラトプス,ブラキオサウルス,プテラノドン,北京原人,アノマロカリス,三葉虫,ネッシー,チュパカブラ,ツチノコ,ビッグフット,アンモナイト,ステゴサウルス,ゴキブリ,河童,人魚,魚人,,,,,,,,,,,,,,,,,,,,,,,,,,,,,,,,,,,,,,,,,,,,,,,,,,,,,,,,,,,,,,,,
道路にあるもの,止まれ(標識),進入禁止(標識),一方通行(標識),信号機,横断歩道,駐車禁止(標識),街灯,ジャスコ110㎞先,車両進入禁止,電柱,電線,マンホール,落石のおそれあり(標識),ガードレール,バス停,街路樹,この先工事中,消火栓,,,,,,,,,,,,,,,,,,,,,,,,,,,,,,,,,,,,,,,,,,,,,,,,,,,,,,,,,,,,,,,,,
性格,意地っ張り,さみしがり,やんちゃ,勇敢,図太い,腕白,能天気,呑気,控えめ,おっとりや,うっかりや,冷静,穏やか,大人しい,慎重,生意気,臆病,せっかち,陽気,無邪気,照れ屋,がんばりや,素直,気まぐれ,真面目,ツンデレ,腹黒い,短気,高飛車,頑固,お人よし,優しい,内気,自分勝手,ヤンデレ,,,,,,,,,,,,,,,,,,,,,,,,,,,,,,,,,,,,,,,,,,,,,,,,
歴史・三国志,卑弥呼,織田信長,豊臣秀吉,徳川家康,劉備,曹操,孫権,董卓,坂本龍馬,伊達政宗,西郷隆盛,芥川龍之介,夏目漱石,宮沢賢治,野口英世,福沢諭吉,マリー・アントワネット,ペリー,呂布,ナポレオン,諸葛孔明,ゴッホ,葛飾北斎,ナイチンゲール,トーマス・エジソン,ダーウィン,ガリレオ・ガリレイ,アイザック･ニュートン,弁慶,ジャンヌ・ダルク,レオナルド・ダ・ヴィンチ,アインシュタイン,ジャック・ザ・リッパー,紫式部,,,,,,,,,,,,,,,,,,,,,,,,,,,,,,,,,,,,,,,,,,,,,,,,,
誉め言葉,かわいい,かっこいい,イケメン,美人,センスがいい,良い体してんねぇ,清潔感がある,存在感がある,太っ腹,包容力がある,いい奴,器が大きい,貫禄がある,優しい,勇気がある,運動神経が良い,いい声,髪が綺麗,肌が綺麗,セクシー,元気がいい,頭がいい,根性ある,すごーい,,,,,,,,,,,,,,,,,,,,,,,,,,,,,,,,,,,,,,,,,,,,,,,,,,,,,,,,,,,
とげとげ,ウニ,いがぐり,ハリネズミ,サボテン,タラバガニ,釘バット,ドリアン,薔薇,まきびし,オニヒトデ,有刺鉄線,ヤマアラシ,毛虫,モーニングスター (武器) ,もやっとボール,ハリセンボン（魚）,剣山,尿路結石,たわし,,,,,,,,,,,,,,,,,,,,,,,,,,,,,,,,,,,,,,,,,,,,,,,,,,,,,,,,,,,,,,,,
光輝く,ハゲ,スポットライト,太陽,懐中電灯,照明弾,花火,車のライト,雷,レーザー光線,変身中の魔法少女,鏡,ミラーボール,星空,100万ドルの夜景,蛍,電球,,,,,,,,,,,,,,,,,,,,,,,,,,,,,,,,,,,,,,,,,,,,,,,,,,,,,,,,,,,,,,,,,,,
味噌汁の具,ほうれん草,豆腐,キャベツ,わかめ,長ネギ,なめこ,しめじ,あさり,しじみ,大根,油揚げ,カボチャ,玉ねぎ,ジャガイモ,インゲン豆,とり団子,,,,,,,,,,,,,,,,,,,,,,,,,,,,,,,,,,,,,,,,,,,,,,,,,,,,,,,,,,,,,,,,,,,
ぬめぬめ,ローション,オリーブオイル,ごま油,よだれ,スライム,なめくじ,なめこ,長いも,うなぎ,かたつむり,石鹸水,オクラ,納豆,鼻水,メカブ,なまこ,腐った味噌汁,,,,,,,,,,,,,,,,,,,,,,,,,,,,,,,,,,,,,,,,,,,,,,,,,,,,,,,,,,,,,,,,,,
お面,ひょっとこのお面,般若のお面,能面のお面,ホッケーマスク,キャッチャーマスク,ウルトラマンのお面,アンパンマンのお面,ピカチュウのお面,ドラえもんのお面,戦隊もののレッドのお面,アノニマスのお面,マリオのお面,狐のお面,鬼のお面,セーラームーンのお面,キティちゃんのお面,初音ミクのお面,ドラミちゃんのお面,ジバニャンのお面,,,,,,,,,,,,,,,,,,,,,,,,,,,,,,,,,,,,,,,,,,,,,,,,,,,,,,,,,,,,,,,,
体液吸う・寄生,ノミ,蚊,ヒル,吸血鬼,チスイコウモリ,ブヨ,ダニ,シラミ,チュパカブラ,ギョウチュウ,エキノコックス,アニサキス,蠅,ヤゴ,タガメ,蜘蛛,,,,,,,,,,,,,,,,,,,,,,,,,,,,,,,,,,,,,,,,,,,,,,,,,,,,,,,,,,,,,,,,,,,
有名人（歴史/政治）,ウラジーミル・プーチン,アドルフ・ヒトラー,ポル・ポト,金正日,金正恩,ヨシフ・スターリン,毛沢東,安倍晋三,麻生太郎,小泉純一郎,ドナルド・トランプ,バラク・オバマ,エイブラハム・リンカーン,ジョージ・W・ブッシュ,習近平,ロドリゴ・ドゥテルテ,盧 武鉉（ノ・ムヒョン),ナポレオン・ボナパルト,織田信長,鳩山由紀夫,菅直人,,,,,,,,,,,,,,,,,,,,,,,,,,,,,,,,,,,,,,,,,,,,,,,,,,,,,,,,,,,,,,
本,英単語辞書,広辞苑,教科書,コロコロコミック,同人誌の総集編,分厚いライトノベル,百科事典,少年ジャンプ,昆虫図鑑,植物図鑑,キノコ図鑑,魚図鑑,動物図鑑,六法全書,ネクロノミコン,聖書,,,,,,,,,,,,,,,,,,,,,,,,,,,,,,,,,,,,,,,,,,,,,,,,,,,,,,,,,,,,,,,,,,,
マスコット,ふなっしー,ひこにゃん,くまモン,ペコちゃん,カーネル・サンダース,ドナルド・マクドナルド,ドアラ（中日）,SUUMO,ポン・デ・ライオン,どーもくん,NOVAうさぎ,つば九郎（ヤクルト）,トラッキー（阪神）,バファローベル（オリックス）,ハローキティ,メロン熊,せんとくん,地デジカ,ミッキーマウス,ミッフィー,たれぱんだ,,,,,,,,,,,,,,,,,,,,,,,,,,,,,,,,,,,,,,,,,,,,,,,,,,,,,,,,,,,,,,
エセ化学・詐欺,ロボトミー手術,ダウジング,水素水,UFO,ムー大陸,永久機関,断食療法,ネッシー,マルチ商法,オレオレ詐欺,結婚詐欺,架空請求詐欺,寸借詐欺,リフォーム詐欺,保険金詐欺,ワンクリック詐欺,STAP細胞,,,,,,,,,,,,,,,,,,,,,,,,,,,,,,,,,,,,,,,,,,,,,,,,,,,,,,,,,,,,,,,,,,
お薬だよ！,痔の薬,モンスターエナジー,睡眠薬,風邪薬,リポビタンD,オロナミンC,大麻,正露丸,モルヒネ,養命酒,コーラ,コカイン,スピリタス,脱法ハーブ,ヒロポン,シンナー,インスリン注射,のどスプレー,,,,,,,,,,,,,,,,,,,,,,,,,,,,,,,,,,,,,,,,,,,,,,,,,,,,,,,,,,,,,,,,,
攻撃,ヤクザキック（ケンカキック）,右ストレート,頭突き,目つぶし,噛みつき,アームロック,体当たり,ひっかく,ラリアット,バックドロップ,チョップ,アッパー,背負い投げ,ドロップキック,肘打ち,掌底打ち,膝蹴り,トンファーキック,,,,,,,,,,,,,,,,,,,,,,,,,,,,,,,,,,,,,,,,,,,,,,,,,,,,,,,,,,,,,,,,,
なんかそれっぽい場所,富士の樹海,群馬県,アマゾン熱帯雨林,北朝鮮,ヨハネスブルグ,網走,あいりん地区,イラク,北斗の拳の世界,原始時代,江戸,中世ヨーロッパ,アフリカ,ソビエト連邦,フィリピン,ナチス・ドイツ,西表島,,,,,,,,,,,,,,,,,,,,,,,,,,,,,,,,,,,,,,,,,,,,,,,,,,,,,,,,,,,,,,,,,,
花火,ヘビ花火,打ち上げ花火,線香花火,ねずみ花火,ロケット花火,手持ち花火,噴出花火,パラシュート花火,ナイヤガラ花火,ダイナマイト,敵が爆発四散する,爆竹,手りゅう弾,惑星の爆発,,,,,,,,,,,,,,,,,,,,,,,,,,,,,,,,,,,,,,,,,,,,,,,,,,,,,,,,,,,,,,,,,,,,,
吹き出す,メントスコーラ,噴水,ウォシュレット,牛乳を吹き出す,酷い下痢,水鉄砲,目を洗う蛇口,鼻から牛乳,くしゃみ,母乳,我慢した後のおしっこ,勢いよく鼻血が出る,間欠泉,口から炎を吐き出す,スイカの種を勢いよく口から飛ばす,噴火,噴飯,,,,,,,,,,,,,,,,,,,,,,,,,,,,,,,,,,,,,,,,,,,,,,,,,,,,,,,,,,,,,,,,,,
でかい,ロシア,アフリカゾウ,マッコウクジラ,東京タワー,キリン,太平洋,富士山,ティラノサウルス,大和(戦艦),巨人,Apple,グレンラガン(最終形態),太陽,ウルトラマン,ゴジラ,,,,,,,,,,,,,,,,,,,,,,,,,,,,,,,,,,,,,,,,,,,,,,,,,,,,,,,,,,,,,,,,,,,,
ちいさい・子供,ミジンコ,妖精,子犬,子猫,子牛,子豚,子供,子馬,ねずみ,りす,うさぎ,なまこ,ハエトリグモ,ひよこ,ミツバチ,,,,,,,,,,,,,,,,,,,,,,,,,,,,,,,,,,,,,,,,,,,,,,,,,,,,,,,,,,,,,,,,,,,,
痛い,尿路結石,出産,ちんちんをズボンのチャックに挟む,腹パン,中学生の頃に作った創作ノート,足の小指をぶつける,骨折,腹痛,腰痛,肩こり,頭痛,痛風,金的(金玉への攻撃),スズメバチに刺される,生理痛,,,,,,,,,,,,,,,,,,,,,,,,,,,,,,,,,,,,,,,,,,,,,,,,,,,,,,,,,,,,,,,,,,,,
人種or亜人or人型,白人,黄色人種,猿,ゴリラ,河童,エルフ,ハーフエルフ,ダークエルフ,竜人,魚人,人魚,ゾンビ,ドワーフ,フェアリー,ゴブリン,オーク,エイリアン,鬼,人狼/ワーウルフ,ラミア,,,,,,,,,,,,,,,,,,,,,,,,,,,,,,,,,,,,,,,,,,,,,,,,,,,,,,,,,,,,,,,
森,ブロッコリーの山,富士の樹海,アマゾン熱帯雨林,学校の裏山,この木なんの木,きのこの山,腐海(風の谷のナウシカ),ポプラ並木,西表島,エルフの森,ゴブリンの森,スライムの森,ハーピーの森,サキュバスの森,,,,,,,,,,,,,,,,,,,,,,,,,,,,,,,,,,,,,,,,,,,,,,,,,,,,,,,,,,,,,,,,,,,,,
爆発だ,芸術,ダイナマイト,卵をレンジでチン,手りゅう弾,堪忍袋,花火,風船,ガスボンベ,ビッグバン,中国製のスマホ,なまこ,ポップコーンの種,シャボン玉,ばくだんいわ,マルマイン,わたパチ,クラッカー(お祝い等で使う方),,,,,,,,,,,,,,,,,,,,,,,,,,,,,,,,,,,,,,,,,,,,,,,,,,,,,,,,,,,,,,,,,,
よくある創作での男女,上司と部下,教師と生徒,幼馴染の男女,鍵っ子と隣人,同級生の男女,サークルの先輩後輩,キャバ嬢と客,店員と客,店長と店員,少年と近所のお姉さん,生徒会長と副会長,大家さんと住居人,アイドルとプロデューサー,貴族と使用人,コーチと生徒,義理の兄妹or姉弟,指揮官と部下,義理の親子,,,,,,,,,,,,,,,,,,,,,,,,,,,,,,,,,,,,,,,,,,,,,,,,,,,,,,,,,,,,,,,,,
せやな,死にたい,5000兆円欲しい,人の奢りで焼肉食べたい,エッチしたい,美少女になりたい,画力が欲しい,二次元に行きたい,貝になりたい,褒めて欲しい,娘が欲しい,結婚したい,時間が欲しい,過去に戻りたい,力が欲しい,イケメンになりたい,モテたい,レアキャラが欲しい,世界が欲しい,この世の真理を知りたい,神になりたい,寝たい,,,,,,,,,,,,,,,,,,,,,,,,,,,,,,,,,,,,,,,,,,,,,,,,,,,,,,,,,,,,,,
宴会芸,一気飲み,裸踊り,腹太鼓,腹踊り,スプーン曲げ,モノマネ,手品,一気食い,火のついたタバコを口に入れて戻す,漫才,二人羽織,一気脱ぎ,PPAP,歌を歌う,テーブルクロス引き,お尻で割り箸を割る,バット折り,バク転する,,,,,,,,,,,,,,,,,,,,,,,,,,,,,,,,,,,,,,,,,,,,,,,,,,,,,,,,,,,,,,,,,
死亡フラグ,殺人鬼がいるかもしれないのに一緒の部屋で寝れるか！,俺、この戦争が終わったら、この娘と結婚するんだ……,断崖絶壁で自供し始める犯人,ハァ……ハァ……敗北者？,大丈夫、ちょっと休めばすぐに元気になるから,俺の事はいいから…お前は…先に行け…,おや、こんな夜更けに来客とは珍しい。,ついに脱出したぞ……！,この中にゾンビに噛まれたやつはいないな？　OK、じゃあ行こうぜ！,組織の秘密を今まさにゲロしようとする悪党,止まるんじゃねえぞ……！,別にアレを倒してしまっても構わんのだろう？,違う形で出会えたら・・・俺たち親友になれてたかもしれないな・・・,まず失敗しない手術です,ちょっと田んぼの様子見てくる,もうすぐ子供が生まれるんだ,もうすぐ大金が手に入る予定なんだ,妻や子供達に『愛してる』と伝えてくれ,あの最後の1枚の葉が落ちたら……わたしは……,よし、決まったな！風呂にでも入るか,冥途の土産に教えてやろう,もう何も怖くない,自分は不死身だと言い張る奴,相手をなめてかかる大男,お前はもう死んでいる,懐中電灯の電池が切れる,やったか！？,大丈夫だ、問題ない,なんだ、猫か…おどかすなよ,野郎、ぶっ殺してやぁぁる！！,大丈夫、当社の製品は100％安心、安全です,へっ！幽霊なんているわけないだろ。ばかばかしい。,,,,,,,,,,,,,,,,,,,,,,,,,,,,,,,,,,,,,,,,,,,,,,,,,,,
挑発,中指を立てる,股を開く,あっかんべー,おしりペンペン,胸元をはだける,自分のスカートをまくる,猿のものまねをする,何かを舐める動作をする,自分の頭に人差し指を向けてくるくるする,相手の悪口を言う,白ひげは時代の敗北者じゃけえ,面白い顔をする,涙目上目遣い,親指を下に向けてブーブー言う,相手に背を向けてお尻を振る,,,,,,,,,,,,,,,,,,,,,,,,,,,,,,,,,,,,,,,,,,,,,,,,,,,,,,,,,,,,,,,,,,,,
負け負け負け,敗北者,負けヒロイン,惚れたら負け,負け戦,負け犬,幼女に負ける,ゲームで負ける,気にしたら負け,催眠術に負ける,食欲に負ける,考えたら負け,雨にも負け　風にも負け,暑さに負ける,ギャンブルで負ける,自分に負ける,快楽に負ける,,,,,,,,,,,,,,,,,,,,,,,,,,,,,,,,,,,,,,,,,,,,,,,,,,,,,,,,,,,,,,,,,,,
味覚+嗅覚,美味い,まずい,にがい,しょっぱい,すっぱい,あまい,無味,からい,渋い,焦げ臭い,いい匂い,香ばしい,甘じょっぱい,脂っぽい,フルーティーな香り,青臭い,魚臭い,不思議な味,,,,,,,,,,,,,,,,,,,,,,,,,,,,,,,,,,,,,,,,,,,,,,,,,,,,,,,,,,,,,,,,,
肉部位,鶏モモ,鶏むね,馬肉,羊肉,豚ロース,豚バラ,牛サーロイン,牛タン,牛ヒレ,鶏手羽,鶏のささみ,鳥皮,兎肉,牛レバー,鶏ハツ,蛇肉,,,,,,,,,,,,,,,,,,,,,,,,,,,,,,,,,,,,,,,,,,,,,,,,,,,,,,,,,,,,,,,,,,,
苗字,佐藤,鈴木,高橋,田中,伊藤,渡辺,山本,中村,小林,加藤,吉田,山田,佐々木,山口,松本,井上,木村,斎藤,清水,杉田,御手洗,山崎,,,,,,,,,,,,,,,,,,,,,,,,,,,,,,,,,,,,,,,,,,,,,,,,,,,,,,,,,,,,,
名前（外人,ハリー,ナンシー,クリス,アリス,ローラ,エド,ボブ,ジョニー,ケイト,キャシー,ロン,サム,スティーブ,スージー,テリー,トム,ウォーリー,ビリー,フロイト,アンソニー,マイケル,,,,,,,,,,,,,,,,,,,,,,,,,,,,,,,,,,,,,,,,,,,,,,,,,,,,,,,,,,,,,,
癖,ボールペンをクルクル回す,貧乏ゆすり,ため息をつく,鼻歌・口笛,咳払い,げっぷ,くしゃみがうるさい,指をポキポキ鳴らす,足音がうるさい,舌打ち,紙をめくるときにツバをつける,爪をかむ,クチャラー,机を指でトントン鳴らす,虚言癖,,,,,,,,,,,,,,,,,,,,,,,,,,,,,,,,,,,,,,,,,,,,,,,,,,,,,,,,,,,,,,,,,,,,
趣味,アニメを見る,漫画を読む,ソシャゲをする,スポーツ観戦,鉄道写真を撮る,映画鑑賞,お菓子作り,パチンコをする,競馬を嗜む,車をいじる,登山,海外旅行に行く,ジョギング,筋トレ,5chで馬鹿を煽る,釣り,音楽を聴く,,,,,,,,,,,,,,,,,,,,,,,,,,,,,,,,,,,,,,,,,,,,,,,,,,,,,,,,,,,,,,,,,,
スト,フェミニスト,ギタリスト,ピアニスト,ジャーナリスト,アーティスト,ボーカリスト,エコロジスト,ナチュラリスト,エゴイスト,ナルシスト,サディスト,マゾヒスト,ロマンティスト,メダリスト,セラピスト,,,,,,,,,,,,,,,,,,,,,,,,,,,,,,,,,,,,,,,,,,,,,,,,,,,,,,,,,,,,,,,,,,,,
挨拶,ごめんなさい,おはよう,こんにちは,こんばんは,やっはろー,ありがとう,さんきゅー,おつかれさま,ごくろうさま,おっはー,おっぱっぴー,うぃーっす,ちょりーっすｗｗｗ,さようなら,お邪魔します,いただきます,ごちそうさま,よろしくおねがいします,ごきげんよう,,,,,,,,,,,,,,,,,,,,,,,,,,,,,,,,,,,,,,,,,,,,,,,,,,,,,,,,,,,,,,,,
罵倒,バカ野郎！,アホんだら！,まぬけ面だ,卑怯者め,負け犬が,スケベなんだから！,きもいんだよ！,腰抜けが！,厚かましいんだよ！,オタクめ！,根性なしめ！,尻軽が！,この冷血漢！,この鬼畜！,恥知らずめ！,頭がおかしいんじゃない！？,ドジめ！,このハゲ！,お前のかーちゃんでべそ,この変態！,このド低能が！,この虫野郎！,死ね！,この童貞！,キチガイめ！,のろまな奴！,どんくさいんだよ！,ダサいんだよ！,ちょっと何言ってるかわからない,,,,,,,,,,,,,,,,,,,,,,,,,,,,,,,,,,,,,,,,,,,,,,,,,,,,,,
動作,頭を抱える,腰に手を当てる,胸に手を当てる,屈伸する,歩く,走る,手を振る,飛び跳ねる,逆立ちする,バク転する,泳ぐ,這う,ぶらさがる,笑う,殴る,蹴る,頭突きをする,手を上に上げる,手を振る,,,,,,,,,,,,,,,,,,,,,,,,,,,,,,,,,,,,,,,,,,,,,,,,,,,,,,,,,,,,,,,,
真っ暗,布団の中,タンスの中,トランクの中,スーツケースの中,深海,宇宙空間,ブラックホールの中,お化け屋敷,壁の中,胎内,井戸の中,下水道,トンネル,夜の樹海,地下室,スカートの中,土の中,雲の中,,,,,,,,,,,,,,,,,,,,,,,,,,,,,,,,,,,,,,,,,,,,,,,,,,,,,,,,,,,,,,,,,
効果音,トントン,カンカン,ガンガン,ドンドン,バンバン,パンパン,バシバシ,ゴンゴン,コンコン,ブンブン,ドッカーン,ドーン,バキバキ,パリーン,トコトコ,ゴゴゴゴゴゴゴ,ギンギン,ぎゅううううう,ペロペロ,ドキドキ,ゾクゾク,ぐりぐり,,,,,,,,,,,,,,,,,,,,,,,,,,,,,,,,,,,,,,,,,,,,,,,,,,,,,,,,,,,,,
ラッキーだ,宝くじに当たる,1000円拾う,子供が生まれる,四葉のクローバーを見つける,ソシャゲのレアキャラを引き当てる,ジャンケンで勝つ,結婚相手が見つかる,この世に生まれてきたこと,大学合格,パチンコで勝つ,万馬券が当たる,懸賞に当選する,ラッキースケベ,アイスで当たりを引く,雷に当たって生き延びる,茶柱が立つ,生きているということ,福引で1等が当たる,,,,,,,,,,,,,,,,,,,,,,,,,,,,,,,,,,,,,,,,,,,,,,,,,,,,,,,,,,,,,,,,,
不幸だ,犬の糞を踏む,頭に鳥の糞がかかる,ジャンケンで負ける,雷に打たれる,財布を落とす,親しい人が死ぬ,怪我をする,病気になる,詐欺に遭う,不良に因縁をつけられる,欲しいレアキャラが出ない,無実の罪をなすりつけられる,パチンコで負ける,渋滞に巻き込まれる,乗っている飛行機が落ちる,電車が遅延する,10円を落とす,死ぬ,,,,,,,,,,,,,,,,,,,,,,,,,,,,,,,,,,,,,,,,,,,,,,,,,,,,,,,,,,,,,,,,,
迷信,黒猫が前を横切ると不吉なことが起きる,夜に口笛を吹くと、蛇（または妖怪、お化け）が出る。,風邪は人にうつすと治る。,しゃっくりが100回出ると死ぬ。,ワカメやコンブを食べると、頭髪が増える。,夜に爪を切ると親の死に目に会えない,ブドウや スイカの種を飲み込むと虫垂炎になる。,霊柩車もしくは葬式を目撃したら親指を隠さないと親族が亡くなる。,酢を飲めば体が柔らかくなる。,牛乳を飲むと胸が膨らむ。,3人で写真に写った場合、中央にいた人が最も早く死ぬ,夜間に火遊びをするとおねしょする。,うなぎと梅干しを一緒に食べるとお腹を壊す。,食べてからすぐに寝ると牛になる。,クマに出会ったら死んだふりをすると助かる。,血液型がB型の人は性格が悪い,歯（乳歯）が抜けたら、上の歯は縁の下、下の歯は屋根の上に投げる,雷鳴ったらヘソ隠せ,耳たぶが大きいと金持ちになる,ウソをつくと閻魔様に舌を抜かれる,蛇の抜け殻を財布に入れておくとお金が貯まる,流れ星が流れている間に三回願い事をすると願いが叶う,くしゃみをするのは誰かが噂をしているから,てるてる坊主を逆さに吊るすと雨が降る,手の冷たい人は心が温かい,数字の四と九は縁起が悪い,旋毛(つむじ)を押すと下痢になる。,朝の蜘蛛は縁起がいい,猫が顔を洗うと雨が降る,白蛇をみると良い事がある,,,,,,,,,,,,,,,,,,,,,,,,,,,,,,,,,,,,,,,,,,,,,,,,,,,,,
顔文字,・。・？,( ´Д｀),(⌒，_ゝ⌒),（　＾ω＾）,ヾ( ﾟДﾟ)ﾉ,(・∀・),(≧Д≦),(ﾟ⊿ﾟ),(￣ー￣)ｂ,ヾ(*´∀｀*)ﾉ,(*‘ω‘*),（∪＾ω＾）,∩(・ω・)∩,(´・ω・`),（｀・ω・´）,＼(^o^)／,m9(^Д^),(ﾟ∀ﾟ),(「・ω・)「,(`・д・;),(=ﾟωﾟ)ﾉ,(´；ω；｀),(　´_ゝ｀) ,J( 'ｰ`)し,(　ﾟ∀ﾟ)o彡°,(ﾟдﾟ),,,,,,,,,,,,,,,,,,,,,,,,,,,,,,,,,,,,,,,,,,,,,,,,,,,,,,,,,
ゴリラ,黒い,鼻の穴が広い,家族想い,名前が面白い,ジャングルに住んでる,毛深い,温和で繊細,頭がいい,警戒心が強い,ストレスに弱い,胸を叩く,イケメン,力強い,賢者と呼ばれている,手話ができる,,,,,,,,,,,,,,,,,,,,,,,,,,,,,,,,,,,,,,,,,,,,,,,,,,,,,,,,,,,,,,,,,,,,
吸われる,掃除機,やる気ドレイン,カービィ,ダム穴,換気扇,歯医者で使う唾液を吸い取る機械,電動鼻水吸引機,エナジードレイン,キャトルミューティレーション,濃厚なキス,吸盤,吸血,レベルドレイン,,,,,,,,,,,,,,,,,,,,,,,,,,,,,,,,,,,,,,,,,,,,,,,,,,,,,,,,,,,,,,,,,,,,,,
困るなぁ,財布が見つからない,リモコンが見つからない,家の鍵が見つからない,眼鏡が見つからない,道に迷う,パソコンがフリーズする,スマホの画面が割れる,金がない,遭難する,不良にからまれる,急いでいる時の職務質問,禿げてきた,ゲームがやめられない,歯が痛い,突然の停電,電車に乗っている時にお腹が痛くなる,,,,,,,,,,,,,,,,,,,,,,,,,,,,,,,,,,,,,,,,,,,,,,,,,,,,,,,,,,,,,,,,,,,
忘却,親の顔を忘れる,自分の名前を忘れる,何をしようとしていたか忘れる,知人の名前を忘れる,財布を忘れる,髭をそるのを忘れる,弁当を忘れる,宿題を忘れる,昔つきあっていた相手のことを忘れる,公式を忘れる,モラルを忘れる,眼鏡を忘れる,薬を飲むのを忘れる,家賃の支払いを忘れる,友達と遊ぶ約束を忘れる,友達への借金を忘れる,,,,,,,,,,,,,,,,,,,,,,,,,,,,,,,,,,,,,,,,,,,,,,,,,,,,,,,,,,,,,,,,,,,
遅刻の原因,寝坊した,お腹が痛かった,交通機関の遅延,忘れ物をした,道端で困っているおばあちゃんを助けた,迷子を保護した,職質を受けた,目覚ましが壊れた,親戚が死んだ,タイヤがパンクした,子供を病院に連れていった,時が過ぎ去るのが早すぎるんだ,家を出たくなかった,ゲームが止められなかった,家の外に不審者がいた,,,,,,,,,,,,,,,,,,,,,,,,,,,,,,,,,,,,,,,,,,,,,,,,,,,,,,,,,,,,,,,,,,,,
調理器具,オーブン,トースター,電子レンジ,炊飯器,ミキサー,泡だて器,計量スプーン,包丁,まな板,ザル,スライサー,お玉,フライ返し,圧力鍋,フライパン,しゃもじ,ハンドミキサー,鍋の蓋,計量カップ,全自動卵割り機,,,,,,,,,,,,,,,,,,,,,,,,,,,,,,,,,,,,,,,,,,,,,,,,,,,,,,,,,,,,,,,
家具,ソファー,椅子,机,クッション,タンス,ベッド,化粧台,布団,学習机,カーテン,本棚,ピアノ,衣装ケース,PCラック,こたつ,クローゼット,,,,,,,,,,,,,,,,,,,,,,,,,,,,,,,,,,,,,,,,,,,,,,,,,,,,,,,,,,,,,,,,,,,
筆記用具,鉛筆,ボールペン,シャープペン,シャープペンの芯,消しゴム,ねりけし,ノート,ハサミ,のり,ステープラー,セロハンテープ,ホチキス,赤ペン,マジック,付箋,4色ペン,色鉛筆,クレヨン,カッター,万年筆,クリップ,マーカー,定規,,,,,,,,,,,,,,,,,,,,,,,,,,,,,,,,,,,,,,,,,,,,,,,,,,,,,,,,,,,,
電気製品,デジタルカメラ,ラジオ,スマホ,携帯電話,電池,充電器,パソコン,電話,ファックス,マウス,キーボード,プリンター,テレビ,加湿器,除湿器,空気清浄機,掃除機,洗濯機,エアコン,カーナビ,電子辞書,,,,,,,,,,,,,,,,,,,,,,,,,,,,,,,,,,,,,,,,,,,,,,,,,,,,,,,,,,,,,,
オタクグッズ,漫画,アニメ,小説,同人誌,フィギュア,プラモデル,ドール,ポスター,タペストリー,抱き枕カバー,痛車,アクリルキーホルダー,ラミネートカード,缶バッジ,ぬいぐるみ,紙袋,クリアファイル,エロゲー,ソシャゲ,据え置きゲーム,ボードゲーム,,,,,,,,,,,,,,,,,,,,,,,,,,,,,,,,,,,,,,,,,,,,,,,,,,,,,,,,,,,,,,
スマブラ,マリオ,ドンキーコング,リンク,サムス,ダークサムス,ヨッシー,カービィ,フォックス,ピカチュウ,ルイージ,ネス,キャプテン・ファルコン,プリン,ピーチ,デイジー,クッパ,アイスクライマー,シーク,ゼルダ,ドクターマリオ,ピチュー,ファルコ,マルス,ルキナ,こどもリンク,ガノンドロフ,ミュウツー,ロイ,クロム,Mr.ゲーム&ウォッチ,メタナイト,ピット,ブラックピット,ゼロスーツサムス,ワリオ,スネーク,アイク,ゼニガメ,フシギソウ,リザードン,ディディーコング,リュカ,ソニック,デデデ,ピクミン&オリマー,ルカリオ,ロボット,トゥーンリンク,ウルフ,むらびと,ロックマン,Wii Fit トレーナー,ロゼッタ&チコ,リトル・マック,ゲッコウガ,格闘Mii,剣術Mii,射撃Mii,パルテナ,パックマン,ルフレ,シュルク,クッパ Jr.,ダックハント,リュウ,ケン,クラウド,カムイ,ベヨネッタ,インクリング,リドリー,シモン,リヒター,キングクルール,しずえ,ガオガエン,パックンフラワー,ジョーカー,勇者,バンジョー&カズーイ,テリー,ベレト,ベレス
